Number,Chat id,Date,Type message,Question,Answer,Model
1,797103302,2021-04-09 11:45:59+00:00,text,—Ç–∏—Ç—É–ª—å–Ω–∏–∫,"üßæ–¢–∏—Ç—É–ª—å–Ω—ã–π –ª–∏—Å—Ç –¥–æ–ª–∂–µ–Ω –±—ã—Ç—å –∑–∞–ø–æ–ª–Ω–µ–Ω –∏ –ø–æ–¥–ø–∏—Å–∞–Ω:
- —Å—Ç—É–¥–µ–Ω—Ç–æ–º –∏ —Ä—É–∫–æ–≤–æ–¥–∏—Ç–µ–ª–µ–º (–¥–ª—è –±–∞–∫–∞–ª–∞–≤—Ä–æ–≤);
- —Å—Ç—É–¥–µ–Ω—Ç–æ–º, —Ä—É–∫–æ–≤–æ–¥–∏—Ç–µ–ª–µ–º –∏ —Ä–µ—Ü–µ–Ω–∑–µ–Ω—Ç–æ–º (–¥–ª—è –º–∞–≥–∏—Å—Ç—Ä–∞–Ω—Ç–æ–≤).",rules
1,797103302,2021-04-09 14:53:16+00:00,text,—Ç–∏—Ç—É–ª—å–Ω–∏–∫,"üßæ–¢–∏—Ç—É–ª—å–Ω—ã–π –ª–∏—Å—Ç –¥–æ–ª–∂–µ–Ω –±—ã—Ç—å –∑–∞–ø–æ–ª–Ω–µ–Ω –∏ –ø–æ–¥–ø–∏—Å–∞–Ω:
- —Å—Ç—É–¥–µ–Ω—Ç–æ–º –∏ —Ä—É–∫–æ–≤–æ–¥–∏—Ç–µ–ª–µ–º (–¥–ª—è –±–∞–∫–∞–ª–∞–≤—Ä–æ–≤);
- —Å—Ç—É–¥–µ–Ω—Ç–æ–º, —Ä—É–∫–æ–≤–æ–¥–∏—Ç–µ–ª–µ–º –∏ —Ä–µ—Ü–µ–Ω–∑–µ–Ω—Ç–æ–º (–¥–ª—è –º–∞–≥–∏—Å—Ç—Ä–∞–Ω—Ç–æ–≤).",rules
1,797103302,2021-04-09 14:59:49+00:00,text,–ö–∞–∫ –æ—Ñ–æ—Ä–º–∏—Ç—å —Å–æ–¥–µ—Ä–∂–∞–Ω–∏–µ?,"üìÑ–°–æ–¥–µ—Ä–∂–∞–Ω–∏–µ –¥–æ–ª–∂–Ω–æ –±—ã—Ç—å –ø–æ–¥–ø–∏—Å–∞–Ω–æ:
- —Å—Ç—É–¥–µ–Ω—Ç–æ–º –∏ —Ä—É–∫–æ–≤–æ–¥–∏—Ç–µ–ª–µ–º (–¥–ª—è –±–∞–∫–∞–ª–∞–≤—Ä–æ–≤);
- —Å—Ç—É–¥–µ–Ω—Ç–æ–º, —Ä—É–∫–æ–≤–æ–¥–∏—Ç–µ–ª–µ–º –∏ —Ä–µ—Ü–µ–Ω–∑–µ–Ω—Ç–æ–º (–¥–ª—è –º–∞–≥–∏—Å—Ç—Ä–∞–Ω—Ç–æ–≤).
–û–±—Ä–∞—Ç–∏—Ç–µ –≤–Ω–∏–º–∞–Ω–∏–µ, —á—Ç–æ —Å–æ–¥–µ—Ä–∂–∞–Ω–∏–µ –≤—Å–µ–≥–¥–∞ —Ä–∞—Å–ø–æ–ª–∞–≥–∞–µ—Ç—Å—è –Ω–∞ 4-–π —Å—Ç—Ä–∞–Ω–∏—Ü–µ (–≤ —Ä–∞–º–∫–µ, –≤ –≥—Ä–∞—Ñ–µ ¬´–ª–∏—Å—Ç¬ª –¥–æ–ª–∂–Ω–∞ —Å—Ç–æ—è—Ç—å —Ü–∏—Ñ—Ä–∞ 4).",rules
1,797103302,2021-04-09 20:43:32+00:00,text,–ü—Ä–∏–≤–µ—Ç,–î–æ–±—Ä–æ–≥–æ –≤—Ä–µ–º–µ–Ω–∏ —Å—É—Ç–æ–∫!üëã,rules
2,797103302,2021-04-09 20:43:40+00:00,text,–ü—Ä–∏–≤–µ—Ç,–ü—Ä–∏–≤–µ—Ç—Å—Ç–≤—É—é!üëã,rules
1,797103302,2021-04-09 20:46:58+00:00,text,–ø—Ä–∏–≤–µ—Ç,–†–∞–¥ –≤–∞—Å —Å–ª—ã—à–∞—Ç—å!üòÄ,rules
1,797103302,2021-04-09 20:51:01+00:00,text,–ü–æ–∫–∞,"–£—Ç–æ—á–Ω–∏—Ç–µ —Å–≤–æ–π –≤–æ–ø—Ä–æ—Å, –ø–æ–∂–∞–ª—É–π—Å—Ç–∞.",stub2,797103302,2021-04-09 20:51:08+00:00,text,–î–æ –≤—Å—Ç—Ä–µ—á–∏,–î–æ —Å–≤–∏–¥–∞–Ω–∏—è!,rules3,797103302,2021-04-09 20:52:40+00:00,audio,—Å–ø–∞—Å–∏–±–æ,–° –≤–∞–º–∏ –ø—Ä–∏—è—Ç–Ω–æ –∏–º–µ—Ç—å –¥–µ–ª–æ.üòâ,rules1;797103302;2021-04-09 22:28:02+00:00;text;–ø—Ä–∏–≤–µ—Ç;–ü–µ—Ä–µ—Ñ—Ä–∞–∑–∏—Ä—É–π—Ç–µ, –ø–æ–∂–∞–ª—É–π—Å—Ç–∞.;stub2;797103302;2021-04-09 22:28:09+00:00;text;–ø—Ä–∏–≤–µ—Ç;–ü–æ–∂–∞–ª—É–π—Å—Ç–∞, —Å—Ñ–æ—Ä–º—É–ª–∏—Ä—É–π—Ç–µ —Å–≤–æ–π –≤–æ–ø—Ä–æ—Å –∏–Ω–∞—á–µ.;stub3;797103302;2021-04-09 22:28:17+00:00;text;–ø—Ä–∏–≤–µ—Ç;–ü–µ—Ä–µ—Ñ—Ä–∞–∑–∏—Ä—É–π—Ç–µ, –ø–æ–∂–∞–ª—É–π—Å—Ç–∞.;stub4;797103302;2021-04-09 22:28:22+00:00;text;–ø—Ä–∏–≤–µ—Ç;–ü–µ—Ä–µ—Ñ—Ä–∞–∑–∏—Ä—É–π—Ç–µ, –ø–æ–∂–∞–ª—É–π—Å—Ç–∞.;stub5;797103302;2021-04-09 22:28:27+00:00;text;–ü—Ä–∏–≤–µ—Ç;–£—Ç–æ—á–Ω–∏—Ç–µ —Å–≤–æ–π –≤–æ–ø—Ä–æ—Å, –ø–æ–∂–∞–ª—É–π—Å—Ç–∞.;stub6;797103302;2021-04-09 22:28:41+00:00;text;–î–æ–±—Ä—ã–π –¥–µ–Ω—å;–î–æ–±—Ä–æ –ø–æ–∂–∞–ª–æ–≤–∞—Ç—å.üëã;rules7;797103302;2021-04-09 22:28:49+00:00;text;–î–æ–±—Ä—ã–π –≤–µ—á–µ—Ä;–†–∞–¥ –≤–∞—Å —Å–ª—ã—à–∞—Ç—å!üòÄ;rules8;797103302;2021-04-09 22:28:59+00:00;text;–î–æ–±—Ä–æ–µ —É—Ç—Ä–æ;–î–æ–±—Ä–æ–≥–æ –≤—Ä–µ–º–µ–Ω–∏ —Å—É—Ç–æ–∫!üëã;rules9;797103302;2021-04-09 22:29:05+00:00;text;–ø—Ä–∏–≤–µ—Ç—Å—Ç–≤—É—é;–£—Ç–æ—á–Ω–∏—Ç–µ —Å–≤–æ–π –≤–æ–ø—Ä–æ—Å, –ø–æ–∂–∞–ª—É–π—Å—Ç–∞.;stub10;797103302;2021-04-09 22:29:44+00:00;text;–Ω–æ—Ä–º–æ–∫–æ–Ω—Ç—Ä–æ–ª—å;–£—Ç–æ—á–Ω–∏—Ç–µ —Å–≤–æ–π –≤–æ–ø—Ä–æ—Å, –ø–æ–∂–∞–ª—É–π—Å—Ç–∞.;stub11;797103302;2021-04-09 22:29:53+00:00;text;–ß—Ç–æ —Ç–∞–∫–æ–µ –Ω–æ—Ä–º–æ–∫–æ–Ω—Ç—Ä–æ–ª—å?;–ü–µ—Ä–µ—Ñ–æ—Ä–º—É–ª–∏—Ä—É–π—Ç–µ, –ø–æ–∂–∞–ª—É–π—Å—Ç–∞.;stub12;797103302;2021-04-09 22:30:02+00:00;text;–ö–∞–∫ –±—É–¥–µ—Ç –ø—Ä–æ—Ö–æ–¥–∏—Ç—å –Ω–æ—Ä–º–æ–∫–æ–Ω—Ç—Ä–æ–ª—å?;–ü—Ä–æ—Å—Ç–∏—Ç–µ, –Ω–µ –ø–æ–Ω—è–ª –≤–∞—Å. –°—Ñ–æ—Ä–º—É–ª–∏—Ä—É–π—Ç–µ –ø–æ-–¥—Ä—É–≥–æ–º—É —Å–≤–æ–π –≤–æ–ø—Ä–æ—Å.;stub13;797103302;2021-04-09 22:30:15+00:00;text;–ß—Ç–æ –∏–∑ —Å–µ–±—è –ø—Ä–µ–¥—Å—Ç–∞–≤–ª—è–µ—Ç –Ω–æ—Ä–º–æ–∫–æ–Ω—Ç—Ä–æ–ª—å?;–ü–æ–∂–∞–ª—É–π—Å—Ç–∞, —Å—Ñ–æ—Ä–º—É–ª–∏—Ä—É–π—Ç–µ —Å–≤–æ–π –≤–æ–ø—Ä–æ—Å –∏–Ω–∞—á–µ.;stub14;797103302;2021-04-09 22:30:27+00:00;text;–í—ã—à–ª–∏ –Ω–æ—Ä–º–∞—Ç–∏–≤—ã;–ù–µ –ø–æ–Ω—è–ª —Å–º—ã—Å–ª–∞ –≤–∞—à–µ–≥–æ –≤–æ–ø—Ä–æ—Å–∞. –ü–µ—Ä–µ—Ñ—Ä–∞–∑–∏—Ä—É–π—Ç–µ, –ø–æ–∂–∞–ª—É–π—Å—Ç–∞.;stub15;797103302;2021-04-09 22:30:50+00:00;text;–≤—ã—à–ª–∏ –Ω–æ—Ä–º–∞—Ç–∏–≤—ã –¥–ª—è –ø—Ä–æ—Ö–æ–∂–¥–µ–Ω–∏—è –Ω–æ—Ä–º–æ–∫–æ–Ω—Ç—Ä–æ–ª—è;"üìå–ù–æ—Ä–º–æ–∫–æ–Ω—Ç—Ä–æ–ª—å ‚Äì —ç—Ç–æ –ø—Ä–æ–≤–µ—Ä–∫–∞ –≤—ã–ø—É—Å–∫–Ω–æ–π –∫–≤–∞–ª–∏—Ñ–∏–∫–∞—Ü–∏–æ–Ω–Ω–æ–π —Ä–∞–±–æ—Ç—ã –Ω–∞ —Å–æ–æ—Ç–≤–µ—Ç—Å—Ç–≤–∏–µ –≥–æ—Å—É–¥–∞—Ä—Å—Ç–≤–µ–Ω–Ω—ã–º —Å—Ç–∞–Ω–¥–∞—Ä—Ç–∞–º, –∞ —Ç–∞–∫–∂–µ —Ç—Ä–µ–±–æ–≤–∞–Ω–∏—è–º –∫–æ–Ω–∫—Ä–µ—Ç–Ω–æ–≥–æ —É—á–µ–±–Ω–æ–≥–æ –∑–∞–≤–µ–¥–µ–Ω–∏—è.
		–¶–µ–ª—å—é —Ç–∞–∫–æ–π –ø—Ä–æ–≤–µ—Ä–∫–∏ —è–≤–ª—è–µ—Ç—Å—è –ø–æ–º–æ—â—å —Å—Ç—É–¥–µ–Ω—Ç—É –Ω–∞–ø–∏—Å–∞—Ç—å –∏ –æ—Ñ–æ—Ä–º–∏—Ç—å —Ä–∞–±–æ—Ç—É, —á—Ç–æ–±—ã –Ω–∞ –∑–∞—â–∏—Ç–µ –¥–∏–ø–ª–æ–º–Ω–æ–π —Ä–∞–±–æ—Ç—ã –Ω–µ –≤–æ–∑–Ω–∏–∫–∞–ª–æ –Ω–∏–∫–∞–∫–∏—Ö –≤–æ–ø—Ä–æ—Å–æ–≤ –ø–æ –ø–æ–≤–æ–¥—É –æ—Ñ–æ—Ä–º–ª–µ–Ω–∏—è.		–ù–æ—Ä–º–æ–∫–æ–Ω—Ç—Ä–æ–ª—å ‚Äì —ç—Ç–æ –æ–±—è–∑–∞—Ç–µ–ª—å–Ω—ã–π —ç—Ç–∞–ø –Ω–∞–ø–∏—Å–∞–Ω–∏—è –≤—ã–ø—É—Å–∫–Ω—ã—Ö —Ä–∞–±–æ—Ç –≤ –≤—ã—Å—à–∏—Ö —É—á–µ–±–Ω—ã—Ö –∑–∞–≤–µ–¥–µ–Ω–∏—è—Ö.
  –ù–∞ –Ω–æ—Ä–º–æ–∫–æ–Ω—Ç—Ä–æ–ª—å –Ω–µ–æ–±—Ö–æ–¥–∏–º–æ –∏–º–µ—Ç—å –ø—Ä–∏ —Å–µ–±–µ:
 ‚Ä¢ –ø–æ—è—Å–Ω–∏—Ç–µ–ª—å–Ω—É—é –∑–∞–ø–∏—Å–∫—É;
 ‚Ä¢ 2 –∫–æ–º–ø–∞–∫—Ç-–¥–∏—Å–∫–∞ (+–¥–≤–µ —ç—Ç–∏–∫–µ—Ç–∫–∏, –ø–æ–¥–ø–∏—Å–∞–Ω–Ω—ã–µ —Ä—É–∫–æ–≤–æ–¥–∏—Ç–µ–ª–µ–º);
 ‚Ä¢ –≥—Ä–∞—Ñ–∏—á–µ—Å–∫—É—é —á–∞—Å—Ç—å;
 ‚Ä¢ –æ—Ç–∑—ã–≤ —Ä—É–∫–æ–≤–æ–¥–∏—Ç–µ–ª—è;
 ‚Ä¢ —Ä–µ–∑—É–ª—å—Ç–∞—Ç –ø—Ä–æ–≤–µ—Ä–∫–∏ –Ω–∞ –∞–Ω—Ç–∏–ø–ª–∞–≥–∏–∞—Ç;
 ‚Ä¢ —Ä–∞–∑–¥–∞—Ç–æ—á–Ω—ã–π –º–∞—Ç–µ—Ä–∏–∞–ª (5 –∫–æ–ø–∏–π –≥—Ä–∞—Ñ–∏—á–µ—Å–∫–æ–π —á–∞—Å—Ç–∏);
 ‚Ä¢ –∞–∫—Ç –æ –≤–Ω–µ–¥—Ä–µ–Ω–∏–∏ (–ø—Ä–∏ –Ω–∞–ª–∏—á–∏–∏);
 ‚Ä¢ —Ä–µ—Ü–µ–Ω–∑–∏—è (–¥–ª—è –º–∞–≥–∏—Å—Ç—Ä–∞–Ω—Ç–æ–≤).";rules16;797103302;2021-04-09 22:31:04+00:00;text;–≤—ã—à–ª–∏ –Ω–æ—Ä–º–∞—Ç–∏–≤—ã –¥–ª—è –ø—Ä–æ—Ö–æ–∂–¥–µ–Ω–∏—è –Ω–æ—Ä–º–æ–∫–æ–Ω—Ç—Ä–æ–ª—è;"üìå–ù–æ—Ä–º–æ–∫–æ–Ω—Ç—Ä–æ–ª—å ‚Äì —ç—Ç–æ –ø—Ä–æ–≤–µ—Ä–∫–∞ –≤—ã–ø—É—Å–∫–Ω–æ–π –∫–≤–∞–ª–∏—Ñ–∏–∫–∞—Ü–∏–æ–Ω–Ω–æ–π —Ä–∞–±–æ—Ç—ã –Ω–∞ —Å–æ–æ—Ç–≤–µ—Ç—Å—Ç–≤–∏–µ –≥–æ—Å—É–¥–∞—Ä—Å—Ç–≤–µ–Ω–Ω—ã–º —Å—Ç–∞–Ω–¥–∞—Ä—Ç–∞–º, –∞ —Ç–∞–∫–∂–µ —Ç—Ä–µ–±–æ–≤–∞–Ω–∏—è–º –∫–æ–Ω–∫—Ä–µ—Ç–Ω–æ–≥–æ —É—á–µ–±–Ω–æ–≥–æ –∑–∞–≤–µ–¥–µ–Ω–∏—è.
		–¶–µ–ª—å—é —Ç–∞–∫–æ–π –ø—Ä–æ–≤–µ—Ä–∫–∏ —è–≤–ª—è–µ—Ç—Å—è –ø–æ–º–æ—â—å —Å—Ç—É–¥–µ–Ω—Ç—É –Ω–∞–ø–∏—Å–∞—Ç—å –∏ –æ—Ñ–æ—Ä–º–∏—Ç—å —Ä–∞–±–æ—Ç—É, —á—Ç–æ–±—ã –Ω–∞ –∑–∞—â–∏—Ç–µ –¥–∏–ø–ª–æ–º–Ω–æ–π —Ä–∞–±–æ—Ç—ã –Ω–µ –≤–æ–∑–Ω–∏–∫–∞–ª–æ –Ω–∏–∫–∞–∫–∏—Ö –≤–æ–ø—Ä–æ—Å–æ–≤ –ø–æ –ø–æ–≤–æ–¥—É –æ—Ñ–æ—Ä–º–ª–µ–Ω–∏—è.		–ù–æ—Ä–º–æ–∫–æ–Ω—Ç—Ä–æ–ª—å ‚Äì —ç—Ç–æ –æ–±—è–∑–∞—Ç–µ–ª—å–Ω—ã–π —ç—Ç–∞–ø –Ω–∞–ø–∏—Å–∞–Ω–∏—è –≤—ã–ø—É—Å–∫–Ω—ã—Ö —Ä–∞–±–æ—Ç –≤ –≤—ã—Å—à–∏—Ö —É—á–µ–±–Ω—ã—Ö –∑–∞–≤–µ–¥–µ–Ω–∏—è—Ö.
  –ù–∞ –Ω–æ—Ä–º–æ–∫–æ–Ω—Ç—Ä–æ–ª—å –Ω–µ–æ–±—Ö–æ–¥–∏–º–æ –∏–º–µ—Ç—å –ø—Ä–∏ —Å–µ–±–µ:
 ‚Ä¢ –ø–æ—è—Å–Ω–∏—Ç–µ–ª—å–Ω—É—é –∑–∞–ø–∏—Å–∫—É;
 ‚Ä¢ 2 –∫–æ–º–ø–∞–∫—Ç-–¥–∏—Å–∫–∞ (+–¥–≤–µ —ç—Ç–∏–∫–µ—Ç–∫–∏, –ø–æ–¥–ø–∏—Å–∞–Ω–Ω—ã–µ —Ä—É–∫–æ–≤–æ–¥–∏—Ç–µ–ª–µ–º);
 ‚Ä¢ –≥—Ä–∞—Ñ–∏—á–µ—Å–∫—É—é —á–∞—Å—Ç—å;
 ‚Ä¢ –æ—Ç–∑—ã–≤ —Ä—É–∫–æ–≤–æ–¥–∏—Ç–µ–ª—è;
 ‚Ä¢ —Ä–µ–∑—É–ª—å—Ç–∞—Ç –ø—Ä–æ–≤–µ—Ä–∫–∏ –Ω–∞ –∞–Ω—Ç–∏–ø–ª–∞–≥–∏–∞—Ç;
 ‚Ä¢ —Ä–∞–∑–¥–∞—Ç–æ—á–Ω—ã–π –º–∞—Ç–µ—Ä–∏–∞–ª (5 –∫–æ–ø–∏–π –≥—Ä–∞—Ñ–∏—á–µ—Å–∫–æ–π —á–∞—Å—Ç–∏);
 ‚Ä¢ –∞–∫—Ç –æ –≤–Ω–µ–¥—Ä–µ–Ω–∏–∏ (–ø—Ä–∏ –Ω–∞–ª–∏—á–∏–∏);
 ‚Ä¢ —Ä–µ—Ü–µ–Ω–∑–∏—è (–¥–ª—è –º–∞–≥–∏—Å—Ç—Ä–∞–Ω—Ç–æ–≤).";rules17;797103302;2021-04-09 22:31:25+00:00;text;—á—Ç–æ –∏–∑ —Å–µ–±—è –ø—Ä–µ–¥—Å—Ç–∞–≤–ª—è–µ—Ç –Ω–æ—Ä–º–æ–∫–æ–Ω—Ç—Ä–æ–ª—å;–ü–æ–∂–∞–ª—É–π—Å—Ç–∞, —Å—Ñ–æ—Ä–º—É–ª–∏—Ä—É–π—Ç–µ —Å–≤–æ–π –≤–æ–ø—Ä–æ—Å –∏–Ω–∞—á–µ.;stub18;797103302;2021-04-09 22:31:38+00:00;text;–ß—Ç–æ –∏–∑ —Å–µ–±—è –ø—Ä–µ–¥—Å—Ç–∞–≤–ª—è–µ—Ç –Ω–æ—Ä–º–æ–∫–æ–Ω—Ç—Ä–æ–ª—å?;–ù–µ –ø–æ–Ω—è–ª —Å–º—ã—Å–ª–∞ –≤–∞—à–µ–≥–æ –≤–æ–ø—Ä–æ—Å–∞. –ü–µ—Ä–µ—Ñ—Ä–∞–∑–∏—Ä—É–π—Ç–µ, –ø–æ–∂–∞–ª—É–π—Å—Ç–∞.;stub19;797103302;2021-04-09 22:31:54+00:00;text;—á—Ç–æ –µ—Å—Ç—å —Ç–∞–∫–æ–µ –Ω–æ—Ä–º–æ–∫–æ–Ω—Ç—Ä–æ–ª—å;–ù–µ –ø–æ–Ω—è–ª —Å–º—ã—Å–ª–∞ –≤–∞—à–µ–≥–æ –≤–æ–ø—Ä–æ—Å–∞. –ü–µ—Ä–µ—Ñ—Ä–∞–∑–∏—Ä—É–π—Ç–µ, –ø–æ–∂–∞–ª—É–π—Å—Ç–∞.;stub20;797103302;2021-04-09 22:32:11+00:00;text;—á—Ç–æ —Ç–∞–∫–æ–µ –∞–Ω–Ω–æ—Ç–∞—Ü–∏—è;–ù–µ –ø–æ–Ω—è–ª —Å–º—ã—Å–ª–∞ –≤–∞—à–µ–≥–æ –≤–æ–ø—Ä–æ—Å–∞. –ü–µ—Ä–µ—Ñ—Ä–∞–∑–∏—Ä—É–π—Ç–µ, –ø–æ–∂–∞–ª—É–π—Å—Ç–∞.;stub21;797103302;2021-04-09 22:32:55+00:00;text;–ö–∞–∫–∏–µ —Ç—Ä–µ–±–æ–≤–∞–Ω–∏—è –∫ –æ—Ñ–æ—Ä–º–ª–µ–Ω–∏—é –∞–Ω–Ω–æ—Ç–∞—Ü–∏–∏;üìÑ–ê–Ω–Ω–æ—Ç–∞—Ü–∏—è –¥–æ–ª–∂–Ω–∞ –±—ã—Ç—å –∑–∞–ø–æ–ª–Ω–µ–Ω–∞, —Ä–∞—Å–ø–µ—á–∞—Ç–∞–Ω–∞ –Ω–∞ –æ–¥–Ω–æ–º –ª–∏—Å—Ç–µ (—Å –¥–≤—É—Ö —Å—Ç–æ—Ä–æ–Ω) –∏ –ø–æ–¥–ø–∏—Å–∞–Ω–∞ —Å—Ç—É–¥–µ–Ω—Ç–æ–º.;rules22;797103302;2021-04-09 22:33:08+00:00;text;–ö–∞–∫–∏–µ —Ç—Ä–µ–±–æ–≤–∞–Ω–∏—è –∫ –∞–Ω–Ω–æ—Ç–∞—Ü–∏–∏;üìÑ–ê–Ω–Ω–æ—Ç–∞—Ü–∏—è –¥–æ–ª–∂–Ω–∞ –±—ã—Ç—å –∑–∞–ø–æ–ª–Ω–µ–Ω–∞, —Ä–∞—Å–ø–µ—á–∞—Ç–∞–Ω–∞ –Ω–∞ –æ–¥–Ω–æ–º –ª–∏—Å—Ç–µ (—Å –¥–≤—É—Ö —Å—Ç–æ—Ä–æ–Ω) –∏ –ø–æ–¥–ø–∏—Å–∞–Ω–∞ —Å—Ç—É–¥–µ–Ω—Ç–æ–º.;rules23;797103302;2021-04-09 22:33:12+00:00;text;–ø—Ä–∏–≤;–ü–æ–∂–∞–ª—É–π—Å—Ç–∞, —Å—Ñ–æ—Ä–º—É–ª–∏—Ä—É–π—Ç–µ —Å–≤–æ–π –≤–æ–ø—Ä–æ—Å –∏–Ω–∞—á–µ.;stub24;797103302;2021-04-09 22:33:16+00:00;text;–ø—Ä–∏–≤–µ—Ç;–ü–µ—Ä–µ—Ñ—Ä–∞–∑–∏—Ä—É–π—Ç–µ, –ø–æ–∂–∞–ª—É–π—Å—Ç–∞.;stub25;797103302;2021-04-09 22:34:00+00:00;text;–ø–æ–∫–∞;–ü–µ—Ä–µ—Ñ–æ—Ä–º—É–ª–∏—Ä—É–π—Ç–µ, –ø–æ–∂–∞–ª—É–π—Å—Ç–∞.;stub26;797103302;2021-04-09 22:35:13+00:00;text;—Å–ø–∞—Å–∏–±–æ;–í—Å–µ–≥–¥–∞ —Ä–∞–¥ –ø–æ–º–æ—á—å!üòä;rules27;797103302;2021-04-09 22:35:27+00:00;text;—Ä–∞–¥ –±—ã–ª –ø–æ—Ä–∞–±–æ—Ç–∞—Ç—å;–£—Ç–æ—á–Ω–∏—Ç–µ —Å–≤–æ–π –≤–æ–ø—Ä–æ—Å, –ø–æ–∂–∞–ª—É–π—Å—Ç–∞.;stub28;797103302;2021-04-09 22:35:34+00:00;text;–¥–æ –≤—Å—Ç—Ä–µ—á–∏;–£–¥–∞—á–∏!;rules29;797103302;2021-04-09 22:35:40+00:00;text;–ø—Ä–æ—â–∞–π;–£—Ç–æ—á–Ω–∏—Ç–µ —Å–≤–æ–π –≤–æ–ø—Ä–æ—Å, –ø–æ–∂–∞–ª—É–π—Å—Ç–∞.;stub30;797103302;2021-04-09 22:37:10+00:00;text;'–ü—Ä–∏–≤–µ—Ç–∏–∫–∏';–£—Ç–æ—á–Ω–∏—Ç–µ —Å–≤–æ–π –≤–æ–ø—Ä–æ—Å, –ø–æ–∂–∞–ª—É–π—Å—Ç–∞.;stub31;797103302;2021-04-09 22:37:20+00:00;text;–ó–¥—Ä–∞–≤—Å—Ç–≤—É–π;–ü–æ–∂–∞–ª—É–π—Å—Ç–∞, —Å—Ñ–æ—Ä–º—É–ª–∏—Ä—É–π—Ç–µ —Å–≤–æ–π –≤–æ–ø—Ä–æ—Å –∏–Ω–∞—á–µ.;stub1;797103302;2021-04-09 22:41:10+00:00;text;–ø—Ä–∏–≤–µ—Ç;–ó–¥—Ä–∞–≤—Å—Ç–≤—É–π.üëã;rules2;797103302;2021-04-09 22:41:16+00:00;text;–ø—Ä–∏–≤–µ—Ç–∏–∫–∏;–†–∞–¥ –≤–∞—Å —Å–ª—ã—à–∞—Ç—å!üòÄ;rules3;797103302;2021-04-09 22:41:21+00:00;text;–ø—Ä–∏–≤–µ—Ç–∏–∫;–î–æ–±—Ä–æ –ø–æ–∂–∞–ª–æ–≤–∞—Ç—å.üëã;rules4;797103302;2021-04-09 22:41:24+00:00;text;–ø–æ–∫–∞;–ü–µ—Ä–µ—Ñ–æ—Ä–º—É–ª–∏—Ä—É–π—Ç–µ, –ø–æ–∂–∞–ª—É–π—Å—Ç–∞.;stub1;797103302;2021-04-09 22:45:47+00:00;text;–ø–æ–∫–∞;–ù–µ –ø–æ–Ω—è–ª —Å–º—ã—Å–ª–∞ –≤–∞—à–µ–≥–æ –≤–æ–ø—Ä–æ—Å–∞. –ü–µ—Ä–µ—Ñ—Ä–∞–∑–∏—Ä—É–π—Ç–µ, –ø–æ–∂–∞–ª—É–π—Å—Ç–∞.;stub2;797103302;2021-04-09 22:45:51+00:00;text;–ø–æ–∫–∏;–ü—Ä–æ—Å—Ç–∏—Ç–µ, –Ω–µ –ø–æ–Ω—è–ª –≤–∞—Å. –°—Ñ–æ—Ä–º—É–ª–∏—Ä—É–π—Ç–µ –ø–æ-–¥—Ä—É–≥–æ–º—É —Å–≤–æ–π –≤–æ–ø—Ä–æ—Å.;stub3;797103302;2021-04-09 22:45:58+00:00;text;–ü–æ–∫–∞;–ü—Ä–æ—Å—Ç–∏—Ç–µ, –Ω–µ –ø–æ–Ω—è–ª –≤–∞—Å. –°—Ñ–æ—Ä–º—É–ª–∏—Ä—É–π—Ç–µ –ø–æ-–¥—Ä—É–≥–æ–º—É —Å–≤–æ–π –≤–æ–ø—Ä–æ—Å.;stub1;797103302;2021-04-09 22:47:39+00:00;text;–ø–æ–∫–∞;–î–æ –≤—Å—Ç—Ä–µ—á–∏!üòâ;rules2;797103302;2021-04-09 22:47:42+00:00;text;–ø—Ä–æ—â–∞–π;–£–¥–∞—á–∏!;rules3;797103302;2021-04-09 22:47:46+00:00;text;–ø–æ–∫–∏;–î–æ –≤—Å—Ç—Ä–µ—á–∏!üòâ;rules4;797103302;2021-04-09 22:48:06+00:00;text;–ø–æ–∫–∞-–ø–æ–∫–∞;–î–æ —Å–≤–∏–¥–∞–Ω–∏—è!;rules5;797103302;2021-04-09 22:48:14+00:00;text;–¥–∞–≤–∞–π;–ü–µ—Ä–µ—Ñ–æ—Ä–º—É–ª–∏—Ä—É–π—Ç–µ, –ø–æ–∂–∞–ª—É–π—Å—Ç–∞.;stub6;797103302;2021-04-09 22:48:18+00:00;text;—É–¥–∞—á–∏;–ü–µ—Ä–µ—Ñ—Ä–∞–∑–∏—Ä—É–π—Ç–µ, –ø–æ–∂–∞–ª—É–π—Å—Ç–∞.;stub7;797103302;2021-04-09 22:49:11+00:00;text;–ö–æ–≥–¥–∞ –±—É–¥–µ—Ç –Ω–æ—Ä–º–æ–∫–æ–Ω—Ç—Ä–æ–ª—å?;–ù–µ –ø–æ–Ω—è–ª —Å–º—ã—Å–ª–∞ –≤–∞—à–µ–≥–æ –≤–æ–ø—Ä–æ—Å–∞. –ü–µ—Ä–µ—Ñ—Ä–∞–∑–∏—Ä—É–π—Ç–µ, –ø–æ–∂–∞–ª—É–π—Å—Ç–∞.;stub8;797103302;2021-04-09 22:49:23+00:00;text;–í –∫–∞–∫–æ–µ –≤—Ä–µ–º—è –±—É–¥–µ—Ç –Ω–æ—Ä–º–æ–∫–æ–Ω—Ç—Ä–æ–ª—å?;üìÖ–†–∞—Å–ø–∏—Å–∞–Ω–∏–µ –ø–æ—è–≤–∏—Ç—Å—è –ø–æ–∑–∂–µ;rules9;797103302;2021-04-09 22:49:41+00:00;text;–ö–æ–≥–¥–∞ –±—É–¥–µ—Ç –ø—Ä–æ—Ö–æ–¥–∏—Ç—å –Ω–æ—Ä–º–æ–∫–æ–Ω—Ç—Ä–æ–ª—å?;üìÖ–†–∞—Å–ø–∏—Å–∞–Ω–∏–µ –ø–æ—è–≤–∏—Ç—Å—è –ø–æ–∑–∂–µ;rules10;797103302;2021-04-09 22:50:01+00:00;text;–ö–∞–∫–æ–π –ø—Ä–æ—Ü–µ–Ω—Ç —É–Ω–∏–∫–∞–ª—å–Ω–æ—Å—Ç–∏ —Ç–µ–∫—Å—Ç–∞ –¥–ª—è –º–∞–≥–∏—Å—Ç—Ä–∞–Ω—Ç–æ–≤?;üö´–ü–ª–∞–≥–∏–∞—Ç ‚Äì —ç—Ç–æ —Å–∫–æ–ø–∏—Ä–æ–≤–∞–Ω–Ω—ã–π –∫–æ–Ω—Ç–µ–Ω—Ç, –æ–ø—É–±–ª–∏–∫–æ–≤–∞–Ω–Ω—ã–π –Ω–∞ –¥—Ä—É–≥–æ–º —Å–∞–π—Ç–µ –±–µ–∑ –∏–∑–º–µ–Ω–µ–Ω–∏–π.
		–ö–∞–∫ —Ä–∞–±–æ—Ç–∞–µ—Ç –∞–Ω—Ç–∏–ø–ª–∞–≥–∏–∞—Ç? –û–±—ã—á–Ω–æ —ç—Ç–æ –≤–µ–±-—Å–µ—Ä–≤–∏—Å –∏–ª–∏ –ø—Ä–∏–ª–æ–∂–µ–Ω–∏–µ, –≤ –∫–æ—Ç–æ—Ä–æ–µ –∞–≤—Ç–æ—Ä –∑–∞–≥—Ä—É–∂–∞–µ—Ç —Å–≤–æ–π —Ç–µ–∫—Å—Ç, –∞ –Ω–∞ –≤—ã—Ö–æ–¥–µ –ø–æ–ª—É—á–∞–µ—Ç –∫–æ–ª–∏—á–µ—Å—Ç–≤–æ —É–Ω–∏–∫–∞–ª—å–Ω–æ–≥–æ –∏ –∑–∞–∏–º—Å—Ç–≤–æ–≤–∞–Ω–Ω–æ–≥–æ –∫–æ–Ω—Ç–µ–Ω—Ç–∞ –≤ –ø—Ä–æ—Ü–µ–Ω—Ç–Ω–æ–º —Å–æ–æ—Ç–Ω–æ—à–µ–Ω–∏–∏.
		–î–ª—è –±–∞–∫–∞–ª–∞–≤—Ä–æ–≤ –ø—Ä–æ—Ü–µ–Ω—Ç —É–Ω–∏–∫–∞–ª—å–Ω–æ—Å—Ç–∏ —Å–æ—Å—Ç–∞–≤–ª—è–µ—Ç 65%, –¥–ª—è –º–∞–≥–∏—Å—Ç—Ä–∞–Ω—Ç–æ–≤ - 75%.
		–°–ø—Ä–∞–≤–∫–∞ –æ–± –∞–Ω—Ç–∏–ø–ª–∞–≥–∏–∞—Ç–µ –≥–æ—Ç–æ–≤–∏—Ç—Å—è –∏ –ø–æ–¥–ø–∏—Å—ã–≤–∞–µ—Ç—Å—è —Ä—É–∫–æ–≤–æ–¥–∏—Ç–µ–ª–µ–º.;rules11;797103302;2021-04-09 22:50:15+00:00;text;–ö—Ç–æ –¥–æ–ª–∂–µ–Ω –ø–æ–¥–ø–∏—Å–∞—Ç—å –≥—Ä–∞—Ñ–∏—á–µ—Å–∫—É—é —á–∞—Å—Ç—å?;"üìä–ì—Ä–∞—Ñ–∏—á–µ—Å–∫–∏–π –º–∞—Ç–µ—Ä–∏–∞–ª –∏ —Ä–∞–∑–¥–∞—Ç–æ—á–Ω—ã–π –º–∞—Ç–µ—Ä–∏–∞–ª –ø–æ–ª—É—á–∞—é—Ç—Å—è –∏–∑ –ø—Ä–µ–∑–µ–Ω—Ç–∞—Ü–∏–∏ –∫ –≤—ã—Å—Ç—É–ø–ª–µ–Ω–∏—é.
		–ì—Ä–∞—Ñ–∏—á–µ—Å–∫–∏–π –º–∞—Ç–µ—Ä–∏–∞–ª ‚Äì —ç—Ç–æ —Å–ª–∞–π–¥—ã –ø—Ä–µ–∑–µ–Ω—Ç–∞—Ü–∏–∏. –ü—Ä–∏—á–µ–º, –∫–∞–∂–¥—ã–π —Å–ª–∞–π–¥ –¥–æ–ª–∂–µ–Ω –±—ã—Ç—å –≤ —Ä–∞–º–∫–µ, –∞ —Ç–∞–∫–∂–µ –≤ –≥—Ä–∞—Ñ–∏—á–µ—Å–∫–∏–π –º–∞—Ç–µ—Ä–∏–∞–ª –Ω–µ –≤–∫–ª—é—á–∞—é—Ç—Å—è –ø–µ—Ä–≤—ã–π (—Å –Ω–∞–∑–≤–∞–Ω–∏–µ–º —Ä–∞–±–æ—Ç—ã) –∏ –ø–æ—Å–ª–µ–¥–Ω–∏–π (¬´—Å–ø–∞—Å–∏–±–æ –∑–∞ –≤–Ω–∏–º–∞–Ω–∏–µ¬ª) —Å–ª–∞–π–¥—ã. –ù–∞ –∫–∞–∂–¥–æ–º –ø–ª–∞–∫–∞—Ç–µ –≥—Ä–∞—Ñ–∏—á–µ—Å–∫–æ–≥–æ –º–∞—Ç–µ—Ä–∏–∞–ª–∞ –¥–æ–ª–∂–Ω–∞ –±—ã—Ç—å –ø–æ–¥–ø–∏—Å—å:
- —Å—Ç—É–¥–µ–Ω—Ç–∞ –∏ —Ä—É–∫–æ–≤–æ–¥–∏—Ç–µ–ª—è (–¥–ª—è –±–∞–∫–∞–ª–∞–≤—Ä–æ–≤);
- —Å—Ç—É–¥–µ–Ω—Ç–∞, —Ä—É–∫–æ–≤–æ–¥–∏—Ç–µ–ª—è –∏ —Ä–µ—Ü–µ–Ω–∑–µ–Ω—Ç–∞ (–¥–ª—è –º–∞–≥–∏—Å—Ç—Ä–∞–Ω—Ç–æ–≤).
		–†–∞–∑–¥–∞—Ç–æ—á–Ω—ã–π –º–∞—Ç–µ—Ä–∏–∞–ª ‚Äì —Ä–∞—Å–ø–µ—á–∞—Ç–∞–Ω–Ω–∞—è –≤ 5 —ç–∫–∑–µ–º–ø–ª—è—Ä–∞—Ö –ø—Ä–µ–∑–µ–Ω—Ç–∞—Ü–∏—è (–±–µ–∑ —Ä–∞–º–æ–∫). ";rules12;797103302;2021-04-09 22:50:27+00:00;text;–ß—Ç–æ –¥–æ–ª–∂–Ω–æ –±—ã—Ç—å –Ω–∞ –≤—Ç–æ—Ä–æ–º –¥–∏—Å–∫–µ?;üíøüìÄ–ù–∞ –Ω–æ—Ä–º–æ–∫–æ–Ω—Ç—Ä–æ–ª—å –Ω–µ–æ–±—Ö–æ–¥–∏–º–æ –ø—Ä–µ–¥–æ—Å—Ç–∞–≤–∏—Ç—å –¥–≤–∞ –∫–æ–º–ø–∞–∫—Ç-–¥–∏—Å–∫–∞ (CD –∏–ª–∏ DVD ‚Äì –Ω–µ –≤–∞–∂–Ω–æ) –∏ –¥–≤–µ —ç—Ç–∏–∫–µ—Ç–∫–∏, –ø–æ–¥–ø–∏—Å–∞–Ω–Ω—ã–µ —Ä—É–∫–æ–≤–æ–¥–∏—Ç–µ–ª–µ–º.
		‚ó¶ –Ω–∞ –ø–µ—Ä–≤—ã–π –¥–∏—Å–∫ –Ω—É–∂–Ω–æ –∑–∞–ø–∏—Å–∞—Ç—å: –ü–ó –≤ —Ñ–æ—Ä–º–∞—Ç–µ pdf (–æ–¥–Ω–∏–º —Ñ–∞–π–ª–æ–º! –§–∞–π–ª —Å –ü–ó –¥–æ–ª–∂–µ–Ω –≤–∫–ª—é—á–∞—Ç—å –≤ —Å–µ–±—è –∑–∞–ø–æ–ª–Ω–µ–Ω–Ω—ã–π —Ç–∏—Ç—É–ª—å–Ω—ã–π –ª–∏—Å—Ç, –∑–∞–¥–∞–Ω–∏–µ, –∞–Ω–Ω–æ—Ç–∞—Ü–∏—é, —Å–æ–¥–µ—Ä–∂–∞–Ω–∏–µ, —Å–∞–º—É —Ä–∞–±–æ—Ç—É, —Å–ø–∏—Å–æ–∫ –ª–∏—Ç–µ—Ä–∞—Ç—É—Ä—ã –∏ –ø—Ä–∏–ª–æ–∂–µ–Ω–∏—è), –ø—Ä–æ–≥—Ä–∞–º–º–Ω—ã–π –ø—Ä–æ–¥—É–∫—Ç, –≥—Ä–∞—Ñ–∏—á–µ—Å–∫–∏–π –º–∞—Ç–µ—Ä–∏–∞–ª –≤ —Ñ–æ—Ä–º–∞—Ç–µ pdf (–∑–∞–ø–∏—Å—ã–≤–∞–µ–º –æ–¥–Ω–∏–º —Ñ–∞–π–ª–æ–º!), —Ä–µ–∫–ª–∞–º–Ω—ã–π –ø—Ä–æ—Å–ø–µ–∫—Ç, —ç—Ç–∏–∫–µ—Ç–∫–∞ –í–ö–†.
		‚ó¶ –Ω–∞ –≤—Ç–æ—Ä–æ–π –¥–∏—Å–∫ –Ω—É–∂–Ω–æ –∑–∞–ø–∏—Å–∞—Ç—å –≤—Å—ë —Ç–æ –∂–µ —Å–∞–º–æ–µ, –∑–∞ –∏—Å–∫–ª—é—á–µ–Ω–∏–µ–º –ø—Ä–æ–≥—Ä–∞–º–º–Ω–æ–≥–æ –ø—Ä–æ–¥—É–∫—Ç–∞.;rules13;797103302;2021-04-09 22:50:39+00:00;text;–ß—Ç–æ –¥–µ–ª–∞—Ç—å –ø–æ—Å–ª–µ –Ω–æ—Ä–º–æ–∫–æ–Ω—Ç—Ä–æ–ª—è?;‚Äº–ü–æ—Å–ª–µ –ø—Ä–æ—Ö–æ–∂–¥–µ–Ω–∏—è –Ω–æ—Ä–º–æ–∫–æ–Ω—Ç—Ä–æ–ª—è –ø–æ—è—Å–Ω–∏—Ç–µ–ª—å–Ω–∞—è –∑–∞–ø–∏—Å–∫–∞ –ø—Ä–æ—à–∏–≤–∞–µ—Ç—Å—è (–Ω–µ–æ–±—Ö–æ–¥–∏–º–æ –±—É–¥–µ—Ç —Å–¥–µ–ª–∞—Ç—å —Ç–≤–µ—Ä–¥—ã–π –ø–µ—Ä–µ–ø–ª–µ—Ç).
		–ü—Ä–∏—á–µ–º, –ø—Ä–æ—à–∏–≤–∞–µ—Ç—Å—è —Ç–æ–ª—å–∫–æ –ü–ó! –ì—Ä–∞—Ñ–∏—á–µ—Å–∫–∏–π –º–∞—Ç–µ—Ä–∏–∞–ª (–ø–æ–¥–ø–∏—Å–∞–Ω–Ω—ã–µ –ª–∏—Å—Ç—ã) –ø—Ä–∏–∫–ª–∞–¥—ã–≤–∞—é—Ç—Å—è –≤ —Ñ–∞–π–ª–∏–∫–µ –æ—Ç–¥–µ–ª—å–Ω–æ, –æ—Ç–∑—ã–≤ —Ä—É–∫–æ–≤–æ–¥–∏—Ç–µ–ª—è - –æ—Ç–¥–µ–ª—å–Ω–æ, –∞–Ω—Ç–∏–ø–ª–∞–≥–∏–∞—Ç - –æ—Ç–¥–µ–ª—å–Ω–æ;rules14;797103302;2021-04-09 22:50:47+00:00;text;–ß—Ç–æ –¥–µ–ª–∞—Ç—å –ø–æ—Å–ª–µ —É—Å–ø–µ—à–Ω–æ–≥–æ –ø—Ä–æ—Ö–æ–∂–¥–µ–Ω–∏—è –Ω–æ—Ä–º–æ–∫–æ–Ω—Ç—Ä–æ–ª—è?;‚Äº–ü–æ—Å–ª–µ –ø—Ä–æ—Ö–æ–∂–¥–µ–Ω–∏—è –Ω–æ—Ä–º–æ–∫–æ–Ω—Ç—Ä–æ–ª—è –ø–æ—è—Å–Ω–∏—Ç–µ–ª—å–Ω–∞—è –∑–∞–ø–∏—Å–∫–∞ –ø—Ä–æ—à–∏–≤–∞–µ—Ç—Å—è (–Ω–µ–æ–±—Ö–æ–¥–∏–º–æ –±—É–¥–µ—Ç —Å–¥–µ–ª–∞—Ç—å —Ç–≤–µ—Ä–¥—ã–π –ø–µ—Ä–µ–ø–ª–µ—Ç).
		–ü—Ä–∏—á–µ–º, –ø—Ä–æ—à–∏–≤–∞–µ—Ç—Å—è —Ç–æ–ª—å–∫–æ –ü–ó! –ì—Ä–∞—Ñ–∏—á–µ—Å–∫–∏–π –º–∞—Ç–µ—Ä–∏–∞–ª (–ø–æ–¥–ø–∏—Å–∞–Ω–Ω—ã–µ –ª–∏—Å—Ç—ã) –ø—Ä–∏–∫–ª–∞–¥—ã–≤–∞—é—Ç—Å—è –≤ —Ñ–∞–π–ª–∏–∫–µ –æ—Ç–¥–µ–ª—å–Ω–æ, –æ—Ç–∑—ã–≤ —Ä—É–∫–æ–≤–æ–¥–∏—Ç–µ–ª—è - –æ—Ç–¥–µ–ª—å–Ω–æ, –∞–Ω—Ç–∏–ø–ª–∞–≥–∏–∞—Ç - –æ—Ç–¥–µ–ª—å–Ω–æ;rules15;797103302;2021-04-09 22:51:06+00:00;text;–ß—Ç–æ —Ç–∞–∫–æ–µ –Ω–æ—Ä–º–æ–∫–æ–Ω—Ç—Ä–æ–ª—å?;–ü–µ—Ä–µ—Ñ–æ—Ä–º—É–ª–∏—Ä—É–π—Ç–µ, –ø–æ–∂–∞–ª—É–π—Å—Ç–∞.;stub16;797103302;2021-04-09 22:51:33+00:00;text;–ö–∞–∫ –ø—Ä–æ–π—Ç–∏ –Ω–æ—Ä–º–æ–∫–æ–Ω—Ç—Ä–æ–ª—å?;–ü—Ä–æ—Å—Ç–∏—Ç–µ, –Ω–µ –ø–æ–Ω—è–ª –≤–∞—Å. –°—Ñ–æ—Ä–º—É–ª–∏—Ä—É–π—Ç–µ –ø–æ-–¥—Ä—É–≥–æ–º—É —Å–≤–æ–π –≤–æ–ø—Ä–æ—Å.;stub17;797103302;2021-04-09 22:56:41+00:00;text;cd;–£—Ç–æ—á–Ω–∏—Ç–µ —Å–≤–æ–π –≤–æ–ø—Ä–æ—Å, –ø–æ–∂–∞–ª—É–π—Å—Ç–∞.;stub18;797103302;2021-04-09 22:56:50+00:00;text;cd –∏–ª–∏ dvd;–ü–µ—Ä–µ—Ñ–æ—Ä–º—É–ª–∏—Ä—É–π—Ç–µ, –ø–æ–∂–∞–ª—É–π—Å—Ç–∞.;stub19;797103302;2021-04-09 22:57:26+00:00;text;CD;–ü–µ—Ä–µ—Ñ–æ—Ä–º—É–ª–∏—Ä—É–π—Ç–µ, –ø–æ–∂–∞–ª—É–π—Å—Ç–∞.;stub20;797103302;2021-04-09 22:57:34+00:00;text;CD –∏–ª–∏ DVD;–ü—Ä–æ—Å—Ç–∏—Ç–µ, –Ω–µ –ø–æ–Ω—è–ª –≤–∞—Å. –°—Ñ–æ—Ä–º—É–ª–∏—Ä—É–π—Ç–µ –ø–æ-–¥—Ä—É–≥–æ–º—É —Å–≤–æ–π –≤–æ–ø—Ä–æ—Å.;stub21;797103302;2021-04-09 22:57:44+00:00;text;CD –∏–ª–∏ DVD –¥–∏—Å–∫–∏;üíøüìÄ–ù–∞ –Ω–æ—Ä–º–æ–∫–æ–Ω—Ç—Ä–æ–ª—å –Ω–µ–æ–±—Ö–æ–¥–∏–º–æ –ø—Ä–µ–¥–æ—Å—Ç–∞–≤–∏—Ç—å –¥–≤–∞ –∫–æ–º–ø–∞–∫—Ç-–¥–∏—Å–∫–∞ (CD –∏–ª–∏ DVD ‚Äì –Ω–µ –≤–∞–∂–Ω–æ) –∏ –¥–≤–µ —ç—Ç–∏–∫–µ—Ç–∫–∏, –ø–æ–¥–ø–∏—Å–∞–Ω–Ω—ã–µ —Ä—É–∫–æ–≤–æ–¥–∏—Ç–µ–ª–µ–º.
		‚ó¶ –Ω–∞ –ø–µ—Ä–≤—ã–π –¥–∏—Å–∫ –Ω—É–∂–Ω–æ –∑–∞–ø–∏—Å–∞—Ç—å: –ü–ó –≤ —Ñ–æ—Ä–º–∞—Ç–µ pdf (–æ–¥–Ω–∏–º —Ñ–∞–π–ª–æ–º! –§–∞–π–ª —Å –ü–ó –¥–æ–ª–∂–µ–Ω –≤–∫–ª—é—á–∞—Ç—å –≤ —Å–µ–±—è –∑–∞–ø–æ–ª–Ω–µ–Ω–Ω—ã–π —Ç–∏—Ç—É–ª—å–Ω—ã–π –ª–∏—Å—Ç, –∑–∞–¥–∞–Ω–∏–µ, –∞–Ω–Ω–æ—Ç–∞—Ü–∏—é, —Å–æ–¥–µ—Ä–∂–∞–Ω–∏–µ, —Å–∞–º—É —Ä–∞–±–æ—Ç—É, —Å–ø–∏—Å–æ–∫ –ª–∏—Ç–µ—Ä–∞—Ç—É—Ä—ã –∏ –ø—Ä–∏–ª–æ–∂–µ–Ω–∏—è), –ø—Ä–æ–≥—Ä–∞–º–º–Ω—ã–π –ø—Ä–æ–¥—É–∫—Ç, –≥—Ä–∞—Ñ–∏—á–µ—Å–∫–∏–π –º–∞—Ç–µ—Ä–∏–∞–ª –≤ —Ñ–æ—Ä–º–∞—Ç–µ pdf (–∑–∞–ø–∏—Å—ã–≤–∞–µ–º –æ–¥–Ω–∏–º —Ñ–∞–π–ª–æ–º!), —Ä–µ–∫–ª–∞–º–Ω—ã–π –ø—Ä–æ—Å–ø–µ–∫—Ç, —ç—Ç–∏–∫–µ—Ç–∫–∞ –í–ö–†.
		‚ó¶ –Ω–∞ –≤—Ç–æ—Ä–æ–π –¥–∏—Å–∫ –Ω—É–∂–Ω–æ –∑–∞–ø–∏—Å–∞—Ç—å –≤—Å—ë —Ç–æ –∂–µ —Å–∞–º–æ–µ, –∑–∞ –∏—Å–∫–ª—é—á–µ–Ω–∏–µ–º –ø—Ä–æ–≥—Ä–∞–º–º–Ω–æ–≥–æ –ø—Ä–æ–¥—É–∫—Ç–∞.;rules22;797103302;2021-04-09 22:57:51+00:00;text;–ö–∞–∫–∏–µ –¥–∏—Å–∫–∏;üíøüìÄ–ù–∞ –Ω–æ—Ä–º–æ–∫–æ–Ω—Ç—Ä–æ–ª—å –Ω–µ–æ–±—Ö–æ–¥–∏–º–æ –ø—Ä–µ–¥–æ—Å—Ç–∞–≤–∏—Ç—å –¥–≤–∞ –∫–æ–º–ø–∞–∫—Ç-–¥–∏—Å–∫–∞ (CD –∏–ª–∏ DVD ‚Äì –Ω–µ –≤–∞–∂–Ω–æ) –∏ –¥–≤–µ —ç—Ç–∏–∫–µ—Ç–∫–∏, –ø–æ–¥–ø–∏—Å–∞–Ω–Ω—ã–µ —Ä—É–∫–æ–≤–æ–¥–∏—Ç–µ–ª–µ–º.
		‚ó¶ –Ω–∞ –ø–µ—Ä–≤—ã–π –¥–∏—Å–∫ –Ω—É–∂–Ω–æ –∑–∞–ø–∏—Å–∞—Ç—å: –ü–ó –≤ —Ñ–æ—Ä–º–∞—Ç–µ pdf (–æ–¥–Ω–∏–º —Ñ–∞–π–ª–æ–º! –§–∞–π–ª —Å –ü–ó –¥–æ–ª–∂–µ–Ω –≤–∫–ª—é—á–∞—Ç—å –≤ —Å–µ–±—è –∑–∞–ø–æ–ª–Ω–µ–Ω–Ω—ã–π —Ç–∏—Ç—É–ª—å–Ω—ã–π –ª–∏—Å—Ç, –∑–∞–¥–∞–Ω–∏–µ, –∞–Ω–Ω–æ—Ç–∞—Ü–∏—é, —Å–æ–¥–µ—Ä–∂–∞–Ω–∏–µ, —Å–∞–º—É —Ä–∞–±–æ—Ç—É, —Å–ø–∏—Å–æ–∫ –ª–∏—Ç–µ—Ä–∞—Ç—É—Ä—ã –∏ –ø—Ä–∏–ª–æ–∂–µ–Ω–∏—è), –ø—Ä–æ–≥—Ä–∞–º–º–Ω—ã–π –ø—Ä–æ–¥—É–∫—Ç, –≥—Ä–∞—Ñ–∏—á–µ—Å–∫–∏–π –º–∞—Ç–µ—Ä–∏–∞–ª –≤ —Ñ–æ—Ä–º–∞—Ç–µ pdf (–∑–∞–ø–∏—Å—ã–≤–∞–µ–º –æ–¥–Ω–∏–º —Ñ–∞–π–ª–æ–º!), —Ä–µ–∫–ª–∞–º–Ω—ã–π –ø—Ä–æ—Å–ø–µ–∫—Ç, —ç—Ç–∏–∫–µ—Ç–∫–∞ –í–ö–†.
		‚ó¶ –Ω–∞ –≤—Ç–æ—Ä–æ–π –¥–∏—Å–∫ –Ω—É–∂–Ω–æ –∑–∞–ø–∏—Å–∞—Ç—å –≤—Å—ë —Ç–æ –∂–µ —Å–∞–º–æ–µ, –∑–∞ –∏—Å–∫–ª—é—á–µ–Ω–∏–µ–º –ø—Ä–æ–≥—Ä–∞–º–º–Ω–æ–≥–æ –ø—Ä–æ–¥—É–∫—Ç–∞.;rules23;797103302;2021-04-09 22:57:56+00:00;text;–¥–∏—Å–∫–∏;üíøüìÄ–ù–∞ –Ω–æ—Ä–º–æ–∫–æ–Ω—Ç—Ä–æ–ª—å –Ω–µ–æ–±—Ö–æ–¥–∏–º–æ –ø—Ä–µ–¥–æ—Å—Ç–∞–≤–∏—Ç—å –¥–≤–∞ –∫–æ–º–ø–∞–∫—Ç-–¥–∏—Å–∫–∞ (CD –∏–ª–∏ DVD ‚Äì –Ω–µ –≤–∞–∂–Ω–æ) –∏ –¥–≤–µ —ç—Ç–∏–∫–µ—Ç–∫–∏, –ø–æ–¥–ø–∏—Å–∞–Ω–Ω—ã–µ —Ä—É–∫–æ–≤–æ–¥–∏—Ç–µ–ª–µ–º.
		‚ó¶ –Ω–∞ –ø–µ—Ä–≤—ã–π –¥–∏—Å–∫ –Ω—É–∂–Ω–æ –∑–∞–ø–∏—Å–∞—Ç—å: –ü–ó –≤ —Ñ–æ—Ä–º–∞—Ç–µ pdf (–æ–¥–Ω–∏–º —Ñ–∞–π–ª–æ–º! –§–∞–π–ª —Å –ü–ó –¥–æ–ª–∂–µ–Ω –≤–∫–ª—é—á–∞—Ç—å –≤ —Å–µ–±—è –∑–∞–ø–æ–ª–Ω–µ–Ω–Ω—ã–π —Ç–∏—Ç—É–ª—å–Ω—ã–π –ª–∏—Å—Ç, –∑–∞–¥–∞–Ω–∏–µ, –∞–Ω–Ω–æ—Ç–∞—Ü–∏—é, —Å–æ–¥–µ—Ä–∂–∞–Ω–∏–µ, —Å–∞–º—É —Ä–∞–±–æ—Ç—É, —Å–ø–∏—Å–æ–∫ –ª–∏—Ç–µ—Ä–∞—Ç—É—Ä—ã –∏ –ø—Ä–∏–ª–æ–∂–µ–Ω–∏—è), –ø—Ä–æ–≥—Ä–∞–º–º–Ω—ã–π –ø—Ä–æ–¥—É–∫—Ç, –≥—Ä–∞—Ñ–∏—á–µ—Å–∫–∏–π –º–∞—Ç–µ—Ä–∏–∞–ª –≤ —Ñ–æ—Ä–º–∞—Ç–µ pdf (–∑–∞–ø–∏—Å—ã–≤–∞–µ–º –æ–¥–Ω–∏–º —Ñ–∞–π–ª–æ–º!), —Ä–µ–∫–ª–∞–º–Ω—ã–π –ø—Ä–æ—Å–ø–µ–∫—Ç, —ç—Ç–∏–∫–µ—Ç–∫–∞ –í–ö–†.
		‚ó¶ –Ω–∞ –≤—Ç–æ—Ä–æ–π –¥–∏—Å–∫ –Ω—É–∂–Ω–æ –∑–∞–ø–∏—Å–∞—Ç—å –≤—Å—ë —Ç–æ –∂–µ —Å–∞–º–æ–µ, –∑–∞ –∏—Å–∫–ª—é—á–µ–Ω–∏–µ–º –ø—Ä–æ–≥—Ä–∞–º–º–Ω–æ–≥–æ –ø—Ä–æ–¥—É–∫—Ç–∞.;rules24;797103302;2021-04-09 22:58:08+00:00;text;—á—Ç–æ –µ—Å—Ç—å —Ç–∞–∫–æ–µ –Ω–æ—Ä–º–æ–∫–æ–Ω—Ç—Ä–æ–ª—å?;–ü—Ä–æ—Å—Ç–∏—Ç–µ, –Ω–µ –ø–æ–Ω—è–ª –≤–∞—Å. –°—Ñ–æ—Ä–º—É–ª–∏—Ä—É–π—Ç–µ –ø–æ-–¥—Ä—É–≥–æ–º—É —Å–≤–æ–π –≤–æ–ø—Ä–æ—Å.;stub25;797103302;2021-04-09 22:58:20+00:00;text;–Ω–æ—Ä–º–æ–∫–æ–Ω—Ç—Ä–æ–ª—å;–ü–µ—Ä–µ—Ñ–æ—Ä–º—É–ª–∏—Ä—É–π—Ç–µ, –ø–æ–∂–∞–ª—É–π—Å—Ç–∞.;stub26;797103302;2021-04-09 22:58:39+00:00;text;–Ω–æ—Ä–º–æ–∫–æ–Ω—Ç—Ä–æ–ª—å;–ù–µ –ø–æ–Ω—è–ª —Å–º—ã—Å–ª–∞ –≤–∞—à–µ–≥–æ –≤–æ–ø—Ä–æ—Å–∞. –ü–µ—Ä–µ—Ñ—Ä–∞–∑–∏—Ä—É–π—Ç–µ, –ø–æ–∂–∞–ª—É–π—Å—Ç–∞.;stub27;797103302;2021-04-09 22:59:55+00:00;text;–ß—Ç–æ –Ω–æ—Ä–º–æ–∫–æ–Ω—Ç—Ä–æ–ª—å?;–ù–µ –ø–æ–Ω—è–ª —Å–º—ã—Å–ª–∞ –≤–∞—à–µ–≥–æ –≤–æ–ø—Ä–æ—Å–∞. –ü–µ—Ä–µ—Ñ—Ä–∞–∑–∏—Ä—É–π—Ç–µ, –ø–æ–∂–∞–ª—É–π—Å—Ç–∞.;stub1;797103302;2021-04-09 23:18:21+00:00;text;–ß—Ç–æ —Ç–∞–∫–æ–µ –Ω–æ—Ä–º–æ–∫–æ–Ω—Ç—Ä–æ–ª—å?;–£—Ç–æ—á–Ω–∏—Ç–µ —Å–≤–æ–π –≤–æ–ø—Ä–æ—Å, –ø–æ–∂–∞–ª—É–π—Å—Ç–∞.;stub2;797103302;2021-04-09 23:18:32+00:00;text;–ß—Ç–æ –µ—Å—Ç—å —Ç–∞–∫–æ–µ –Ω–æ—Ä–º–æ–∫–æ–Ω—Ç—Ä–æ–ª—å?;–ü—Ä–æ—Å—Ç–∏—Ç–µ, –Ω–µ –ø–æ–Ω—è–ª –≤–∞—Å. –°—Ñ–æ—Ä–º—É–ª–∏—Ä—É–π—Ç–µ –ø–æ-–¥—Ä—É–≥–æ–º—É —Å–≤–æ–π –≤–æ–ø—Ä–æ—Å.;stub1;797103302;2021-04-09 23:21:05+00:00;text;—á—Ç–æ —Ç–∞–∫–æ–µ –Ω–æ—Ä–º–æ–∫–æ–Ω—Ç—Ä–æ–ª—å?;–ü–µ—Ä–µ—Ñ–æ—Ä–º—É–ª–∏—Ä—É–π—Ç–µ, –ø–æ–∂–∞–ª—É–π—Å—Ç–∞.;stub1;797103302;2021-04-09 23:24:48+00:00;text;–ß—Ç–æ —Ç–∞–∫–æ–µ –Ω–æ—Ä–º–æ–∫–æ–Ω—Ç—Ä–æ–ª—å?;"üìå–ù–æ—Ä–º–æ–∫–æ–Ω—Ç—Ä–æ–ª—å ‚Äì —ç—Ç–æ –ø—Ä–æ–≤–µ—Ä–∫–∞ –≤—ã–ø—É—Å–∫–Ω–æ–π –∫–≤–∞–ª–∏—Ñ–∏–∫–∞—Ü–∏–æ–Ω–Ω–æ–π —Ä–∞–±–æ—Ç—ã –Ω–∞ —Å–æ–æ—Ç–≤–µ—Ç—Å—Ç–≤–∏–µ –≥–æ—Å—É–¥–∞—Ä—Å—Ç–≤–µ–Ω–Ω—ã–º —Å—Ç–∞–Ω–¥–∞—Ä—Ç–∞–º, –∞ —Ç–∞–∫–∂–µ —Ç—Ä–µ–±–æ–≤–∞–Ω–∏—è–º –∫–æ–Ω–∫—Ä–µ—Ç–Ω–æ–≥–æ —É—á–µ–±–Ω–æ–≥–æ –∑–∞–≤–µ–¥–µ–Ω–∏—è.
		–¶–µ–ª—å—é —Ç–∞–∫–æ–π –ø—Ä–æ–≤–µ—Ä–∫–∏ —è–≤–ª—è–µ—Ç—Å—è –ø–æ–º–æ—â—å —Å—Ç—É–¥–µ–Ω—Ç—É –Ω–∞–ø–∏—Å–∞—Ç—å –∏ –æ—Ñ–æ—Ä–º–∏—Ç—å —Ä–∞–±–æ—Ç—É, —á—Ç–æ–±—ã –Ω–∞ –∑–∞—â–∏—Ç–µ –¥–∏–ø–ª–æ–º–Ω–æ–π —Ä–∞–±–æ—Ç—ã –Ω–µ –≤–æ–∑–Ω–∏–∫–∞–ª–æ –Ω–∏–∫–∞–∫–∏—Ö –≤–æ–ø—Ä–æ—Å–æ–≤ –ø–æ –ø–æ–≤–æ–¥—É –æ—Ñ–æ—Ä–º–ª–µ–Ω–∏—è.		–ù–æ—Ä–º–æ–∫–æ–Ω—Ç—Ä–æ–ª—å ‚Äì —ç—Ç–æ –æ–±—è–∑–∞—Ç–µ–ª—å–Ω—ã–π —ç—Ç–∞–ø –Ω–∞–ø–∏—Å–∞–Ω–∏—è –≤—ã–ø—É—Å–∫–Ω—ã—Ö —Ä–∞–±–æ—Ç –≤ –≤—ã—Å—à–∏—Ö —É—á–µ–±–Ω—ã—Ö –∑–∞–≤–µ–¥–µ–Ω–∏—è—Ö.
  –ù–∞ –Ω–æ—Ä–º–æ–∫–æ–Ω—Ç—Ä–æ–ª—å –Ω–µ–æ–±—Ö–æ–¥–∏–º–æ –∏–º–µ—Ç—å –ø—Ä–∏ —Å–µ–±–µ:
 ‚Ä¢ –ø–æ—è—Å–Ω–∏—Ç–µ–ª—å–Ω—É—é –∑–∞–ø–∏—Å–∫—É;
 ‚Ä¢ 2 –∫–æ–º–ø–∞–∫—Ç-–¥–∏—Å–∫–∞ (+–¥–≤–µ —ç—Ç–∏–∫–µ—Ç–∫–∏, –ø–æ–¥–ø–∏—Å–∞–Ω–Ω—ã–µ —Ä—É–∫–æ–≤–æ–¥–∏—Ç–µ–ª–µ–º);
 ‚Ä¢ –≥—Ä–∞—Ñ–∏—á–µ—Å–∫—É—é —á–∞—Å—Ç—å;
 ‚Ä¢ –æ—Ç–∑—ã–≤ —Ä—É–∫–æ–≤–æ–¥–∏—Ç–µ–ª—è;
 ‚Ä¢ —Ä–µ–∑—É–ª—å—Ç–∞—Ç –ø—Ä–æ–≤–µ—Ä–∫–∏ –Ω–∞ –∞–Ω—Ç–∏–ø–ª–∞–≥–∏–∞—Ç;
 ‚Ä¢ —Ä–∞–∑–¥–∞—Ç–æ—á–Ω—ã–π –º–∞—Ç–µ—Ä–∏–∞–ª (5 –∫–æ–ø–∏–π –≥—Ä–∞—Ñ–∏—á–µ—Å–∫–æ–π —á–∞—Å—Ç–∏);
 ‚Ä¢ –∞–∫—Ç –æ –≤–Ω–µ–¥—Ä–µ–Ω–∏–∏ (–ø—Ä–∏ –Ω–∞–ª–∏—á–∏–∏);
 ‚Ä¢ —Ä–µ—Ü–µ–Ω–∑–∏—è (–¥–ª—è –º–∞–≥–∏—Å—Ç—Ä–∞–Ω—Ç–æ–≤).";rules2;797103302;2021-04-09 23:25:11+00:00;text;–ß—Ç–æ –Ω—É–∂–Ω–æ –¥–ª—è –ø—Ä–æ—Ö–æ–∂–¥–µ–Ω–∏—è –Ω–æ—Ä–º–æ–∫–æ–Ω—Ç—Ä–æ–ª—è?;"üìå–ù–æ—Ä–º–æ–∫–æ–Ω—Ç—Ä–æ–ª—å ‚Äì —ç—Ç–æ –ø—Ä–æ–≤–µ—Ä–∫–∞ –≤—ã–ø—É—Å–∫–Ω–æ–π –∫–≤–∞–ª–∏—Ñ–∏–∫–∞—Ü–∏–æ–Ω–Ω–æ–π —Ä–∞–±–æ—Ç—ã –Ω–∞ —Å–æ–æ—Ç–≤–µ—Ç—Å—Ç–≤–∏–µ –≥–æ—Å—É–¥–∞—Ä—Å—Ç–≤–µ–Ω–Ω—ã–º —Å—Ç–∞–Ω–¥–∞—Ä—Ç–∞–º, –∞ —Ç–∞–∫–∂–µ —Ç—Ä–µ–±–æ–≤–∞–Ω–∏—è–º –∫–æ–Ω–∫—Ä–µ—Ç–Ω–æ–≥–æ —É—á–µ–±–Ω–æ–≥–æ –∑–∞–≤–µ–¥–µ–Ω–∏—è.
		–¶–µ–ª—å—é —Ç–∞–∫–æ–π –ø—Ä–æ–≤–µ—Ä–∫–∏ —è–≤–ª—è–µ—Ç—Å—è –ø–æ–º–æ—â—å —Å—Ç—É–¥–µ–Ω—Ç—É –Ω–∞–ø–∏—Å–∞—Ç—å –∏ –æ—Ñ–æ—Ä–º–∏—Ç—å —Ä–∞–±–æ—Ç—É, —á—Ç–æ–±—ã –Ω–∞ –∑–∞—â–∏—Ç–µ –¥–∏–ø–ª–æ–º–Ω–æ–π —Ä–∞–±–æ—Ç—ã –Ω–µ –≤–æ–∑–Ω–∏–∫–∞–ª–æ –Ω–∏–∫–∞–∫–∏—Ö –≤–æ–ø—Ä–æ—Å–æ–≤ –ø–æ –ø–æ–≤–æ–¥—É –æ—Ñ–æ—Ä–º–ª–µ–Ω–∏—è.		–ù–æ—Ä–º–æ–∫–æ–Ω—Ç—Ä–æ–ª—å ‚Äì —ç—Ç–æ –æ–±—è–∑–∞—Ç–µ–ª—å–Ω—ã–π —ç—Ç–∞–ø –Ω–∞–ø–∏—Å–∞–Ω–∏—è –≤—ã–ø—É—Å–∫–Ω—ã—Ö —Ä–∞–±–æ—Ç –≤ –≤—ã—Å—à–∏—Ö —É—á–µ–±–Ω—ã—Ö –∑–∞–≤–µ–¥–µ–Ω–∏—è—Ö.
  –ù–∞ –Ω–æ—Ä–º–æ–∫–æ–Ω—Ç—Ä–æ–ª—å –Ω–µ–æ–±—Ö–æ–¥–∏–º–æ –∏–º–µ—Ç—å –ø—Ä–∏ —Å–µ–±–µ:
 ‚Ä¢ –ø–æ—è—Å–Ω–∏—Ç–µ–ª—å–Ω—É—é –∑–∞–ø–∏—Å–∫—É;
 ‚Ä¢ 2 –∫–æ–º–ø–∞–∫—Ç-–¥–∏—Å–∫–∞ (+–¥–≤–µ —ç—Ç–∏–∫–µ—Ç–∫–∏, –ø–æ–¥–ø–∏—Å–∞–Ω–Ω—ã–µ —Ä—É–∫–æ–≤–æ–¥–∏—Ç–µ–ª–µ–º);
 ‚Ä¢ –≥—Ä–∞—Ñ–∏—á–µ—Å–∫—É—é —á–∞—Å—Ç—å;
 ‚Ä¢ –æ—Ç–∑—ã–≤ —Ä—É–∫–æ–≤–æ–¥–∏—Ç–µ–ª—è;
 ‚Ä¢ —Ä–µ–∑—É–ª—å—Ç–∞—Ç –ø—Ä–æ–≤–µ—Ä–∫–∏ –Ω–∞ –∞–Ω—Ç–∏–ø–ª–∞–≥–∏–∞—Ç;
 ‚Ä¢ —Ä–∞–∑–¥–∞—Ç–æ—á–Ω—ã–π –º–∞—Ç–µ—Ä–∏–∞–ª (5 –∫–æ–ø–∏–π –≥—Ä–∞—Ñ–∏—á–µ—Å–∫–æ–π —á–∞—Å—Ç–∏);
 ‚Ä¢ –∞–∫—Ç –æ –≤–Ω–µ–¥—Ä–µ–Ω–∏–∏ (–ø—Ä–∏ –Ω–∞–ª–∏—á–∏–∏);
 ‚Ä¢ —Ä–µ—Ü–µ–Ω–∑–∏—è (–¥–ª—è –º–∞–≥–∏—Å—Ç—Ä–∞–Ω—Ç–æ–≤).";rules3;797103302;2021-04-09 23:26:19+00:00;text;–ß—Ç–æ –∏–∑ —Å–µ–±—è –±—É–¥–µ—Ç –ø—Ä–µ–¥—Å—Ç–∞–≤–ª—è—Ç—å –Ω–æ—Ä–º–æ–∫–æ–Ω—Ç—Ä–æ–ª—å?;"üìå–ù–æ—Ä–º–æ–∫–æ–Ω—Ç—Ä–æ–ª—å ‚Äì —ç—Ç–æ –ø—Ä–æ–≤–µ—Ä–∫–∞ –≤—ã–ø—É—Å–∫–Ω–æ–π –∫–≤–∞–ª–∏—Ñ–∏–∫–∞—Ü–∏–æ–Ω–Ω–æ–π —Ä–∞–±–æ—Ç—ã –Ω–∞ —Å–æ–æ—Ç–≤–µ—Ç—Å—Ç–≤–∏–µ –≥–æ—Å—É–¥–∞—Ä—Å—Ç–≤–µ–Ω–Ω—ã–º —Å—Ç–∞–Ω–¥–∞—Ä—Ç–∞–º, –∞ —Ç–∞–∫–∂–µ —Ç—Ä–µ–±–æ–≤–∞–Ω–∏—è–º –∫–æ–Ω–∫—Ä–µ—Ç–Ω–æ–≥–æ —É—á–µ–±–Ω–æ–≥–æ –∑–∞–≤–µ–¥–µ–Ω–∏—è.
		–¶–µ–ª—å—é —Ç–∞–∫–æ–π –ø—Ä–æ–≤–µ—Ä–∫–∏ —è–≤–ª—è–µ—Ç—Å—è –ø–æ–º–æ—â—å —Å—Ç—É–¥–µ–Ω—Ç—É –Ω–∞–ø–∏—Å–∞—Ç—å –∏ –æ—Ñ–æ—Ä–º–∏—Ç—å —Ä–∞–±–æ—Ç—É, —á—Ç–æ–±—ã –Ω–∞ –∑–∞—â–∏—Ç–µ –¥–∏–ø–ª–æ–º–Ω–æ–π —Ä–∞–±–æ—Ç—ã –Ω–µ –≤–æ–∑–Ω–∏–∫–∞–ª–æ –Ω–∏–∫–∞–∫–∏—Ö –≤–æ–ø—Ä–æ—Å–æ–≤ –ø–æ –ø–æ–≤–æ–¥—É –æ—Ñ–æ—Ä–º–ª–µ–Ω–∏—è.		–ù–æ—Ä–º–æ–∫–æ–Ω—Ç—Ä–æ–ª—å ‚Äì —ç—Ç–æ –æ–±—è–∑–∞—Ç–µ–ª—å–Ω—ã–π —ç—Ç–∞–ø –Ω–∞–ø–∏—Å–∞–Ω–∏—è –≤—ã–ø—É—Å–∫–Ω—ã—Ö —Ä–∞–±–æ—Ç –≤ –≤—ã—Å—à–∏—Ö —É—á–µ–±–Ω—ã—Ö –∑–∞–≤–µ–¥–µ–Ω–∏—è—Ö.
  –ù–∞ –Ω–æ—Ä–º–æ–∫–æ–Ω—Ç—Ä–æ–ª—å –Ω–µ–æ–±—Ö–æ–¥–∏–º–æ –∏–º–µ—Ç—å –ø—Ä–∏ —Å–µ–±–µ:
 ‚Ä¢ –ø–æ—è—Å–Ω–∏—Ç–µ–ª—å–Ω—É—é –∑–∞–ø–∏—Å–∫—É;
 ‚Ä¢ 2 –∫–æ–º–ø–∞–∫—Ç-–¥–∏—Å–∫–∞ (+–¥–≤–µ —ç—Ç–∏–∫–µ—Ç–∫–∏, –ø–æ–¥–ø–∏—Å–∞–Ω–Ω—ã–µ —Ä—É–∫–æ–≤–æ–¥–∏—Ç–µ–ª–µ–º);
 ‚Ä¢ –≥—Ä–∞—Ñ–∏—á–µ—Å–∫—É—é —á–∞—Å—Ç—å;
 ‚Ä¢ –æ—Ç–∑—ã–≤ —Ä—É–∫–æ–≤–æ–¥–∏—Ç–µ–ª—è;
 ‚Ä¢ —Ä–µ–∑—É–ª—å—Ç–∞—Ç –ø—Ä–æ–≤–µ—Ä–∫–∏ –Ω–∞ –∞–Ω—Ç–∏–ø–ª–∞–≥–∏–∞—Ç;
 ‚Ä¢ —Ä–∞–∑–¥–∞—Ç–æ—á–Ω—ã–π –º–∞—Ç–µ—Ä–∏–∞–ª (5 –∫–æ–ø–∏–π –≥—Ä–∞—Ñ–∏—á–µ—Å–∫–æ–π —á–∞—Å—Ç–∏);
 ‚Ä¢ –∞–∫—Ç –æ –≤–Ω–µ–¥—Ä–µ–Ω–∏–∏ (–ø—Ä–∏ –Ω–∞–ª–∏—á–∏–∏);
 ‚Ä¢ —Ä–µ—Ü–µ–Ω–∑–∏—è (–¥–ª—è –º–∞–≥–∏—Å—Ç—Ä–∞–Ω—Ç–æ–≤).";rules4;797103302;2021-04-09 23:26:32+00:00;text;–ß—Ç–æ –Ω–µ–æ–±—Ö–æ–¥–∏–º–æ –¥–ª—è –ø—Ä–æ—Ö–æ–∂–¥–µ–Ω–∏—è –Ω–æ—Ä–º–æ–∫–æ–Ω—Ç—Ä–æ–ª—è?;"üìå–ù–æ—Ä–º–æ–∫–æ–Ω—Ç—Ä–æ–ª—å ‚Äì —ç—Ç–æ –ø—Ä–æ–≤–µ—Ä–∫–∞ –≤—ã–ø—É—Å–∫–Ω–æ–π –∫–≤–∞–ª–∏—Ñ–∏–∫–∞—Ü–∏–æ–Ω–Ω–æ–π —Ä–∞–±–æ—Ç—ã –Ω–∞ —Å–æ–æ—Ç–≤–µ—Ç—Å—Ç–≤–∏–µ –≥–æ—Å—É–¥–∞—Ä—Å—Ç–≤–µ–Ω–Ω—ã–º —Å—Ç–∞–Ω–¥–∞—Ä—Ç–∞–º, –∞ —Ç–∞–∫–∂–µ —Ç—Ä–µ–±–æ–≤–∞–Ω–∏—è–º –∫–æ–Ω–∫—Ä–µ—Ç–Ω–æ–≥–æ —É—á–µ–±–Ω–æ–≥–æ –∑–∞–≤–µ–¥–µ–Ω–∏—è.
		–¶–µ–ª—å—é —Ç–∞–∫–æ–π –ø—Ä–æ–≤–µ—Ä–∫–∏ —è–≤–ª—è–µ—Ç—Å—è –ø–æ–º–æ—â—å —Å—Ç—É–¥–µ–Ω—Ç—É –Ω–∞–ø–∏—Å–∞—Ç—å –∏ –æ—Ñ–æ—Ä–º–∏—Ç—å —Ä–∞–±–æ—Ç—É, —á—Ç–æ–±—ã –Ω–∞ –∑–∞—â–∏—Ç–µ –¥–∏–ø–ª–æ–º–Ω–æ–π —Ä–∞–±–æ—Ç—ã –Ω–µ –≤–æ–∑–Ω–∏–∫–∞–ª–æ –Ω–∏–∫–∞–∫–∏—Ö –≤–æ–ø—Ä–æ—Å–æ–≤ –ø–æ –ø–æ–≤–æ–¥—É –æ—Ñ–æ—Ä–º–ª–µ–Ω–∏—è.		–ù–æ—Ä–º–æ–∫–æ–Ω—Ç—Ä–æ–ª—å ‚Äì —ç—Ç–æ –æ–±—è–∑–∞—Ç–µ–ª—å–Ω—ã–π —ç—Ç–∞–ø –Ω–∞–ø–∏—Å–∞–Ω–∏—è –≤—ã–ø—É—Å–∫–Ω—ã—Ö —Ä–∞–±–æ—Ç –≤ –≤—ã—Å—à–∏—Ö —É—á–µ–±–Ω—ã—Ö –∑–∞–≤–µ–¥–µ–Ω–∏—è—Ö.
  –ù–∞ –Ω–æ—Ä–º–æ–∫–æ–Ω—Ç—Ä–æ–ª—å –Ω–µ–æ–±—Ö–æ–¥–∏–º–æ –∏–º–µ—Ç—å –ø—Ä–∏ —Å–µ–±–µ:
 ‚Ä¢ –ø–æ—è—Å–Ω–∏—Ç–µ–ª—å–Ω—É—é –∑–∞–ø–∏—Å–∫—É;
 ‚Ä¢ 2 –∫–æ–º–ø–∞–∫—Ç-–¥–∏—Å–∫–∞ (+–¥–≤–µ —ç—Ç–∏–∫–µ—Ç–∫–∏, –ø–æ–¥–ø–∏—Å–∞–Ω–Ω—ã–µ —Ä—É–∫–æ–≤–æ–¥–∏—Ç–µ–ª–µ–º);
 ‚Ä¢ –≥—Ä–∞—Ñ–∏—á–µ—Å–∫—É—é —á–∞—Å—Ç—å;
 ‚Ä¢ –æ—Ç–∑—ã–≤ —Ä—É–∫–æ–≤–æ–¥–∏—Ç–µ–ª—è;
 ‚Ä¢ —Ä–µ–∑—É–ª—å—Ç–∞—Ç –ø—Ä–æ–≤–µ—Ä–∫–∏ –Ω–∞ –∞–Ω—Ç–∏–ø–ª–∞–≥–∏–∞—Ç;
 ‚Ä¢ —Ä–∞–∑–¥–∞—Ç–æ—á–Ω—ã–π –º–∞—Ç–µ—Ä–∏–∞–ª (5 –∫–æ–ø–∏–π –≥—Ä–∞—Ñ–∏—á–µ—Å–∫–æ–π —á–∞—Å—Ç–∏);
 ‚Ä¢ –∞–∫—Ç –æ –≤–Ω–µ–¥—Ä–µ–Ω–∏–∏ (–ø—Ä–∏ –Ω–∞–ª–∏—á–∏–∏);
 ‚Ä¢ —Ä–µ—Ü–µ–Ω–∑–∏—è (–¥–ª—è –º–∞–≥–∏—Å—Ç—Ä–∞–Ω—Ç–æ–≤).";rules